{
    "ActionSound": "",
    "AutoUnlock": true,
    "Cards": [
        "{\n    \"UnitsInDeck\": 3,\n    \"Card\": \"penitentflagellate\"\n}",
        "{\n    \"UnitsInDeck\": 3,\n    \"Card\": \"shadowmend\"\n}",
        "{\n    \"UnitsInDeck\": 3,\n    \"Card\": \"penitentenvigorate\"\n}",
        "{\n    \"UnitsInDeck\": 2,\n    \"Card\": \"vilelance\"\n}",
        "{\n    \"UnitsInDeck\": 2,\n    \"Card\": \"darkoutbreak\"\n}",
        "{\n    \"UnitsInDeck\": 1,\n    \"Card\": \"prayerofhealing\"\n}",
        "{\n    \"UnitsInDeck\": 1,\n    \"Card\": \"penitentzealouspenitence\"\n}"
    ],
    "ChallengePack0": "cain",
    "ChallengePack1": "heretic",
    "ChallengePack2": "zealot",
    "ChallengePack3": "devotee",
    "ChallengePack4": "friar",
    "ChallengePack5": "shaman",
    "ChallengePack6": "seer",
    "CharacterDescription": "Worship. Worship means something different to each and every person. For Cain, it is not an act of devotion or reverence but a path to power forged in agony. Once, he was a man bound by loyalty and love, but those bonds were shattered in the most intimate of betrayals—by his own brother. In the depths of desperation, Cain's heart was consumed by a darkness more insidious than any external enemy. He betrayed the one person who had once been his closest kin, sacrificing him to the very powers he now worships. It was through this heinous act that Cain's soul was marked, his heart blackened, and his mind corrupted. His faith, twisted and unyielding, is now rooted in the belief that betrayal is the truest path to power, and that through the suffering of others—through his own unrepentant sin—he is slowly becoming the instrument of that very dark will.",
    "CharacterDescriptionStrength": "Using his zealous ferver to steal the pain of his allies and increase his own power",
    "CharacterName": "Cain",
    "Energy": 1,
    "EnergyTurn": 3,
    "Female": false,
    "FluffOffsetX": 0,
    "FluffOffsetY": 3.40000009536743,
    "HeroClass": "Healer",
    "HeroClassSecondary": "None",
    "HitSound": "Beast Hit 1caster",
    "HP": 66,
    "ID": "penitent",
    "Item": "penitentplank",
    "MaxHP": [
        0,
        5,
        7,
        7,
        10
    ],
    "OrderInList": 4,
    "ResistSlashing": 10,
    "ResistBlunt": 5,
    "ResistPiercing": 5,
    "ResistFire": 10,
    "ResistCold": -5,
    "ResistLightning": -5,
    "ResistHoly": 15,
    "ResistShadow": 20,
    "ResistMind": 5,
    "Speed": 11,
    "SpriteBorderLocked": "cainSilueta",
    "StickerBase": "",
    "StickerAngry": "",
    "StickerIndifferent": "",
    "StickerLove": "",
    "StickerSurprise": "",
    "StickerOffsetX": 0.100000001490116,
    "SubclassName": "Penitent",
    "Trait0": "penitenttrait0",
    "Trait1A": "penitenttrait1a",
    "Trait1B": "penitenttrait1b",
    "Trait2A": "penitenttrait2a",
    "Trait2B": "penitenttrait2b",
    "Trait3A": "penitenttrait3a",
    "Trait3B": "penitenttrait3b",
    "Trait4A": "penitenttrait4a",
    "Trait4B": "penitenttrait4b",
    "SourceCharacterName": "Cain"
}