{
    "ActionSound": "",
    "AutoUnlock": true,
    "Cards": [
        "{\n    \"UnitsInDeck\": 3,\n    \"Card\": \"penitentflagellate\"\n}",
        "{\n    \"UnitsInDeck\": 3,\n    \"Card\": \"shadowmend\"\n}",
        "{\n    \"UnitsInDeck\": 3,\n    \"Card\": \"vitalize\"\n}",
        "{\n    \"UnitsInDeck\": 2,\n    \"Card\": \"blackkarma\"\n}",
        "{\n    \"UnitsInDeck\": 2,\n    \"Card\": \"darkoutbreak\"\n}",
        "{\n    \"UnitsInDeck\": 1,\n    \"Card\": \"heal\"\n}",
        "{\n    \"UnitsInDeck\": 1,\n    \"Card\": \"flashheal\"\n}"
    ],
    "ChallengePack0": "cain",
    "ChallengePack1": "heretic",
    "ChallengePack2": "zealot",
    "ChallengePack3": "devotee",
    "ChallengePack4": "friar",
    "ChallengePack5": "shaman",
    "ChallengePack6": "seer",
    "CharacterDescription": "<This character comes from Senenthia and blah blah blah>",
    "CharacterDescriptionStrength": "<This character excels at x y and z>",
    "CharacterName": "Cain",
    "Energy": 1,
    "EnergyTurn": 3,
    "Female": false,
    "FluffOffsetX": 0,
    "FluffOffsetY": 3.40000009536743,
    "HeroClass": "healer",
    "HeroClassSecondary": "none",
    "HitSound": "Beast Hit 1caster",
    "HP": 66,
    "ID": "penitent",
    "Item": "penitentplank",
    "MaxHP": [
        0,
        7,
        7,
        7,
        10
    ],
    "OrderInList": 5,
    "ResistSlashing": 15,
    "ResistBlunt": 10,
    "ResistPiercing": 5,
    "ResistFire": 10,
    "ResistCold": -5,
    "ResistLightning": -5,
    "ResistHoly": 15,
    "ResistShadow": 20,
    "ResistMind": 0,
    "Speed": 11,
    "SpriteBorderLocked": "cainSilueta",
    "StickerBase": "",
    "StickerAngry": "",
    "StickerIndifferent": "",
    "StickerLove": "",
    "StickerSurprise": "",
    "StickerOffsetX": 0.100000001490116,
    "SubclassName": "Penitent",
    "Trait0": "penitenttrait0",
    "Trait1A": "penitenttrait1a",
    "Trait1B": "penitenttrait1b",
    "Trait2A": "penitenttrait2a",
    "Trait2B": "penitenttrait2b",
    "Trait3A": "penitenttrait3a",
    "Trait3B": "penitenttrait3b",
    "Trait4A": "penitenttrait4a",
    "Trait4B": "penitenttrait4b"
}